{"coefficient": 0.10970224234182202, "intercept": -4.558000211131542}